{"cameraMode":{"drawMode":0,"name":"Shaded","section":"Shading Mode"},"sceneLighting":true,"audioPlay":false,"sceneViewState":{"m_AlwaysRefresh":false,"showFog":true,"showSkybox":true,"showFlares":true,"showImageEffects":true,"showParticleSystems":true,"showVisualEffectGraphs":true,"m_FxEnabled":true},"in2DMode":false,"pivot":{"x":-1.8569917678833008,"y":2.5192759037017824,"z":-0.7826945781707764},"rotation":{"x":0.024917300790548326,"y":0.7211306691169739,"z":-0.025972798466682435,"w":0.691872239112854},"size":1.9803473949432374,"orthographic":false}